url,n
https://emiratesbd.ae/UAE/list/gyneacologist/n-0-2006,2
https://emiratesbd.ae/UAE/list/aesthetics-cosmetic-surgery/n-0-2003,2
https://emiratesbd.ae/UAE/list/pharmacies-medical-supplies/n-0-2004,31
https://emiratesbd.ae/UAE/list/mental-health-care/n-0-2005,1
https://emiratesbd.ae/UAE/list/doctors-clinics-hospitals/n-0-2001-1,57
https://emiratesbd.ae/UAE/list/dentists/n-0-2002,14
https://emiratesbd.ae/UAE/list/medical-health/n-0-1000,158
https://emiratesbd.ae/UAE/list/beauty-fitness/n-0-1001,238
https://emiratesbd.ae/UAE/list/beauty-professional/n-0-2021,1
https://emiratesbd.ae/UAE/list/gyms-fitness-classes/n-0-2022,35
https://emiratesbd.ae/UAE/list/spas-health-resorts/n-0-2025,45
https://emiratesbd.ae/UAE/list/auto-spare-parts-accessories/n-0-2040,143
https://emiratesbd.ae/UAE/list/hairdressers-beauty-salons-nail/n-0-2023,146
https://emiratesbd.ae/UAE/list/massage-therapist/n-0-2024,2
https://emiratesbd.ae/UAE/list/bicycles-spare-parts/n-0-2042,8
https://emiratesbd.ae/UAE/list/auto-repair-services/n-0-2041,74
https://emiratesbd.ae/UAE/list/motors/n-0-1002,642
https://emiratesbd.ae/UAE/list/carvehicle-dealers/n-0-2043-1,19
https://emiratesbd.ae/UAE/list/procurement/n-0-2070,1
https://emiratesbd.ae/UAE/list/car-wash/n-0-2045,1
https://emiratesbd.ae/UAE/list/banks-credit-unions/n-0-2071,14
https://emiratesbd.ae/UAE/list/carvehicle-rental/n-0-2044,22
https://emiratesbd.ae/UAE/list/brokers/n-0-2074,7
https://emiratesbd.ae/UAE/list/payroll-services/n-0-2073,4
https://emiratesbd.ae/UAE/list/accountants-auditors/n-0-2072,31
https://emiratesbd.ae/UAE/list/finance-insurance/n-0-1003,121
https://emiratesbd.ae/UAE/list/solicitors/n-0-2092,1
https://emiratesbd.ae/UAE/list/courts/n-0-2094,1
https://emiratesbd.ae/UAE/list/financial-consultants-activities/n-0-2075,53
https://emiratesbd.ae/UAE/list/wills-trusts/n-0-2093,1
https://emiratesbd.ae/UAE/list/legal/n-0-1004,35
https://emiratesbd.ae/UAE/list/lawyers-law-firms/n-0-2090,2
https://emiratesbd.ae/UAE/list/legal-services/n-0-2091,31
https://emiratesbd.ae/UAE/list/music-theatre-concert-venues/n-0-2105,6
https://emiratesbd.ae/UAE/list/film-television-video/n-0-2102,79
https://emiratesbd.ae/UAE/list/museums-monuments/n-0-2107,4
https://emiratesbd.ae/UAE/list/art-crafts-exhibitions-galleries/n-0-2101,18
https://emiratesbd.ae/UAE/list/photography/n-0-2104,35
https://emiratesbd.ae/UAE/list/radio-television-broadcast/n-0-2106,1
https://emiratesbd.ae/UAE/list/art-media/n-0-1005,172
https://emiratesbd.ae/UAE/list/online-content/n-0-2121,1
https://emiratesbd.ae/UAE/list/communication/n-0-2120,65
https://emiratesbd.ae/UAE/list/computer-web/n-0-1006,282
https://emiratesbd.ae/UAE/list/computer-equipment/n-0-2124,53
https://emiratesbd.ae/UAE/list/computer-services/n-0-2123,6
https://emiratesbd.ae/UAE/list/computer-software/n-0-2122,21
https://emiratesbd.ae/UAE/list/air-cargo/n-0-2151,66
https://emiratesbd.ae/UAE/list/transport-services/n-0-2150,11
https://emiratesbd.ae/UAE/list/computer-hardware/n-0-2125,5
https://emiratesbd.ae/UAE/list/air-travel-aviation/n-0-2152,2
https://emiratesbd.ae/UAE/list/buses-rental/n-0-2153,1
https://emiratesbd.ae/UAE/list/transport-logistics/n-0-1007,551
https://emiratesbd.ae/UAE/list/taxis-shuttle-minibus/n-0-2154,3
https://emiratesbd.ae/UAE/list/chemicals/n-0-2183,62
https://emiratesbd.ae/UAE/list/couriers-and-cargo/n-0-2155,60
https://emiratesbd.ae/UAE/list/building-material/n-0-2180,203
https://emiratesbd.ae/UAE/list/construction-building/n-0-1008,1222
https://emiratesbd.ae/UAE/list/construction-services/n-0-2181,71
https://emiratesbd.ae/UAE/list/contracting-construction/n-0-2182,272
https://emiratesbd.ae/UAE/list/building-maintenance/n-0-2184,32
https://emiratesbd.ae/UAE/list/food-retailers-distributors/n-0-2240,134
https://emiratesbd.ae/UAE/list/restaurants/n-0-2241,239
https://emiratesbd.ae/UAE/list/plumbing-sanitary/n-0-2185,18
https://emiratesbd.ae/UAE/list/food-drink/n-0-1009,673
https://emiratesbd.ae/UAE/list/supermarkets/n-0-2243,71
https://emiratesbd.ae/UAE/list/cafes-coffee-shops/n-0-2242,108
https://emiratesbd.ae/UAE/list/food-manufacturing/n-0-2245,11
https://emiratesbd.ae/UAE/list/catering-hospitality/n-0-2244,27
https://emiratesbd.ae/UAE/list/event-equipment/n-0-2280,1
https://emiratesbd.ae/UAE/list/weddings-services/n-0-2282,1
https://emiratesbd.ae/UAE/list/exhibitions-conferences-services/n-0-2283,1
https://emiratesbd.ae/UAE/list/parties-planners-supplies/n-0-2284,3
https://emiratesbd.ae/UAE/list/industrial-equipment/n-0-2300,37
https://emiratesbd.ae/UAE/list/event-services/n-0-2281,54
https://emiratesbd.ae/UAE/list/events/n-0-1010,59
https://emiratesbd.ae/UAE/list/manufacturing-industry/n-0-1011,346
https://emiratesbd.ae/UAE/list/metal-steel-products/n-0-2303,16
https://emiratesbd.ae/UAE/list/farming-fisheries/n-0-2304,33
https://emiratesbd.ae/UAE/list/industrial-services/n-0-2302,8
https://emiratesbd.ae/UAE/list/chemicals-trading/n-0-2305,24
https://emiratesbd.ae/UAE/list/schools/n-0-2330,24
https://emiratesbd.ae/UAE/list/universities-colleges-and-mba/n-0-2332,6
https://emiratesbd.ae/UAE/list/environmental-services/n-0-2333,5
https://emiratesbd.ae/UAE/list/education/n-0-2331,15
https://emiratesbd.ae/UAE/list/education-public-services/n-0-1012,174
https://emiratesbd.ae/UAE/list/childrens-services/n-0-2334,1
https://emiratesbd.ae/UAE/list/nursery-pre-school-kindergarten/n-0-2335,13
https://emiratesbd.ae/UAE/list/jewellery/n-0-2362,182
https://emiratesbd.ae/UAE/list/clothing-and-accessories/n-0-2360,354
https://emiratesbd.ae/UAE/list/electrical-goods/n-0-2361,98
https://emiratesbd.ae/UAE/list/trading-shopping/n-0-1013,1793
https://emiratesbd.ae/UAE/list/gifts-chocolates/n-0-2363,295
https://emiratesbd.ae/UAE/list/textile/n-0-2365,299
https://emiratesbd.ae/UAE/list/home-and-garden/n-0-2364,247
https://emiratesbd.ae/UAE/list/apartments/n-0-2404,8
https://emiratesbd.ae/UAE/list/hotels/n-0-2401,37
https://emiratesbd.ae/UAE/list/tourist-information/n-0-2403,1
https://emiratesbd.ae/UAE/list/travel-agents/n-0-2400,50
https://emiratesbd.ae/UAE/list/tour-operators-planners/n-0-2402,38
https://emiratesbd.ae/UAE/list/travel-tourism-accomodation/n-0-1014,149
https://emiratesbd.ae/UAE/list/furniture-soft-furnishings-decor/n-0-2301,35
https://emiratesbd.ae/UAE/list/attractions-memorial-parks/n-0-2405,1
https://emiratesbd.ae/UAE/list/letting-leasing-agents/n-0-2435,1
https://emiratesbd.ae/UAE/list/security-services/n-0-2432,42
https://emiratesbd.ae/UAE/list/property-management-services/n-0-2433,24
https://emiratesbd.ae/UAE/list/real-estate-agents/n-0-2430,107
https://emiratesbd.ae/UAE/list/real-estate-fm/n-0-1015,311
https://emiratesbd.ae/UAE/list/maids-cleaning-services/n-0-2431,52
https://emiratesbd.ae/UAE/list/real-estate-developers/n-0-2434,5
https://emiratesbd.ae/UAE/list/business-services/n-0-1016,1850
https://emiratesbd.ae/UAE/list/trading/n-0-2471,1061
https://emiratesbd.ae/UAE/list/general-office-services/n-0-2472,4
https://emiratesbd.ae/UAE/list/pet-shops-food-supply/n-0-2540,12
https://emiratesbd.ae/UAE/list/small-business/n-0-2475,2
https://emiratesbd.ae/UAE/list/veterinary-pet/n-0-1017,25
https://emiratesbd.ae/UAE/list/business-services/n-0-2470,24
https://emiratesbd.ae/UAE/list/advertising/n-0-2474,75
https://emiratesbd.ae/UAE/list/veterinary-services/n-0-2541,5
https://emiratesbd.ae/UAE/list/professional-services/n-0-2473,14
https://emiratesbd.ae/UAE/list/pet-grooming-breading/n-0-2542,5
https://emiratesbd.ae/UAE/list/pet-shelters/n-0-2544,2
https://emiratesbd.ae/UAE/list/pet-medication-supplements/n-0-2543,3
https://emiratesbd.ae/UAE/list/leisure-amusement/n-0-2570,12
https://emiratesbd.ae/UAE/list/sport-clubs/n-0-2572,3
https://emiratesbd.ae/UAE/list/equestrian-horses-riding/n-0-2573,1
https://emiratesbd.ae/UAE/list/sports-entertainment/n-0-1018,43
https://emiratesbd.ae/UAE/list/adventure-sports/n-0-2571,12
https://emiratesbd.ae/UAE/list/fishing-water-sports/n-0-2574,1
https://emiratesbd.ae/UAE/list/golf-clubs-courses/n-0-2575,1
https://emiratesbd.ae/UAE/list/training/n-0-1019,1
https://emiratesbd.ae/UAE/list/arabic-foreign-language-schools/n-0-2590,1
https://emiratesbd.ae/UAE/list/cpr-first-aid-courses/n-0-2592,1
https://emiratesbd.ae/UAE/list/computer-software-courses/n-0-2593,1
https://emiratesbd.ae/UAE/list/art-dance-music-theatre-classes/n-0-2591,1
